7,,title,name,description,image,birthday_iso,owner,generation,alt
1,,Parallel Universe,Parallel Universe #1,,https://parallelmeerkats.com/images/1.jpg,,,1,A meerkat walking through a doorway
2,,Abbey Road,Abbey Road #2,,https://parallelmeerkats.com/images/2.jpg,,Cam,1,"Two meerkats facing right, walking, one following the other"
3,,Kid Arrakis,Kid Arrakis #3,,https://parallelmeerkats.com/images/3.jpg,,,1,A lone meerkat on a rust-colored background with a long tail
4,,Fourth,Fourth #4,,https://parallelmeerkats.com/images/4.jpg,,,1,"Two creepy meerkats staring out, with some liquid leaking out of their eyes"
5,,Whatever It Takes,Whatever It Takes #5,,https://parallelmeerkats.com/images/5.jpg,,Tony,1,"A symmetrical meerkat holding a wand with a light at the end, wearing a black jacket or robe"
6,,Shadow Moon,Shadow Moon #6,,https://parallelmeerkats.com/images/6.jpg,,,1,"A meerkat with a creepy outlook, with one eye raised"
7,,The Inspector,The Inspector #7,,https://parallelmeerkats.com/images/7.jpg,,,1,
8,,Rounders,Rounders #8,Def Not Art,https://parallelmeerkats.com/images/8.jpg,,Art,1,
9,,The Poker King,The Poker King #9,,https://parallelmeerkats.com/images/9.jpg,,Mark,1,
10,,Zerg Rush,Zerg Rush #10,,https://parallelmeerkats.com/images/10.jpg,,Art,1,
11,,Many Beans,Many Beans #11,,https://parallelmeerkats.com/images/11.jpg,,Noam,1,
12,,Pikatsso,Pikatsso #12,,https://parallelmeerkats.com/images/12.jpg,,,1,
13,,Ready Player One,Ready Player One #13,,https://parallelmeerkats.com/images/13.jpg,,,1,
14,,On Screen,On Screen #14,,https://parallelmeerkats.com/images/14.jpg,,,1,
15,,Tleilaxu,Tleilaxu #15,,https://parallelmeerkats.com/images/15.jpg,,,1,
16,,Darrow,Darrow #16,,https://parallelmeerkats.com/images/16.jpg,,,1,
17,,Arguably Savvy,Arguably Savvy #17,,https://parallelmeerkats.com/images/17.jpg,,,1,
18,,The Cute One,The Cute One #18,,https://parallelmeerkats.com/images/18.jpg,,,1,
19,,The Fool,The Fool #19,,https://parallelmeerkats.com/images/19.jpg,,,1,
20,,Mere Katerpillar,Mere Katerpillar #20,,https://parallelmeerkats.com/images/20.jpg,,,1,
21,,Two of Kats,Two of Kats #21,,https://parallelmeerkats.com/images/21.jpg,,,1,
22,,Low-Key,Low-Key #22,,https://parallelmeerkats.com/images/22.jpg,,,1,
23,,Μοῖραι,Μοῖραι #23,,https://parallelmeerkats.com/images/23.jpg,,,1,
24,,Enso,Enso #24,,https://parallelmeerkats.com/images/24.jpg,,,1,
25,,Wyman Meerkerly,Wyman Meerkerly #25,,https://parallelmeerkats.com/images/25.jpg,,,1,
26,,Patience,Patience #26,,https://parallelmeerkats.com/images/26.jpg,,,1,
27,,Rougelike,Rougelike #27,,https://parallelmeerkats.com/images/27.jpg,,,1,
28,,Ziggy,Ziggy #28,,https://parallelmeerkats.com/images/28.jpg,,,1,
29,,Kat-El,Kat-El #29,,https://parallelmeerkats.com/images/29.jpg,,,1,
30,,Parallax,Parallax #30,,https://parallelmeerkats.com/images/30.jpg,,,1,
31,,P3R-233,P3R-233 #31,,https://parallelmeerkats.com/images/31.jpg,,,1,
32,,Reflection,Reflection #32,,https://parallelmeerkats.com/images/32.jpg,,,1,
33,,Dioscuri,Dioscuri #33,,https://parallelmeerkats.com/images/33.jpg,,,1,
34,,Morpheus,Morpheus #34,,https://parallelmeerkats.com/images/34.jpg,,,1,
35,,Vigo,Vigo #35,,https://parallelmeerkats.com/images/35.jpg,,,1,
36,,MK Escher,MK Escher #36,,https://parallelmeerkats.com/images/36.jpg,,,1,
37,,Citizen,Citizen #37,,https://parallelmeerkats.com/images/37.jpg,,,1,
38,,Untitled,Untitled #38,,https://parallelmeerkats.com/images/38.jpg,,,1,
39,,Seurat,Seurat #39,,https://parallelmeerkats.com/images/39.jpg,,,1,
40,,Antoinette,Antoinette #40,,https://parallelmeerkats.com/images/40.jpg,,,1,
41,,Travolta,Travolta #41,,https://parallelmeerkats.com/images/41.jpg,,,1,
42,,Arthur,Arthur #42,,https://parallelmeerkats.com/images/42.jpg,,,1,
43,,Le Petit Suricate,Le Petit Suricate #43,,https://parallelmeerkats.com/images/43.jpg,,,1,
44,,Red Rover,Red Rover #44,,https://parallelmeerkats.com/images/44.jpg,,,1,
45,,Tail Recursion,Tail Recursion #45,,https://parallelmeerkats.com/images/45.jpg,,,1,
46,,Kathode,Kathode #46,,https://parallelmeerkats.com/images/46.jpg,,,1,
47,,Lifted,Lifted #47,,https://parallelmeerkats.com/images/47.jpg,,,1,
48,,Beep Beep,Beep Beep #48,,https://parallelmeerkats.com/images/48.jpg,,,1,
49,,Alice,Alice #49,,https://parallelmeerkats.com/images/49.jpg,,,1,
50,,Mere Katastrophe,Mere Katastrophe #50,,https://parallelmeerkats.com/images/50.jpg,,,1,
51,,,,,,,,,